{
  "pure_vector": {
    "total_queries": 600,
    "exact_match": 0.0016666666666666668,
    "f1": 0.3625503333333331,
    "accuracy": 0.0016666666666666668,
    "avg_latency_ms": 1270.6968833333326,
    "route_distribution": {
      "dense_retrieval": 600
    },
    "routing_accuracy": 0.5,
    "stage2_trigger_rate": 0.0,
    "stage2_override_rate": 0.0,
    "kg_source_distribution": {}
  },
  "pure_graph": {
    "total_queries": 600,
    "exact_match": 0.0016666666666666668,
    "f1": 0.35559583333333367,
    "accuracy": 0.0016666666666666668,
    "avg_latency_ms": 2283.358016666667,
    "route_distribution": {
      "graph_traversal": 600
    },
    "routing_accuracy": 0.25,
    "stage2_trigger_rate": 0.0,
    "stage2_override_rate": 0.0,
    "kg_source_distribution": {
      "neo4j": 600
    }
  },
  "single_stage_router": {
    "total_queries": 600,
    "exact_match": 0.0016666666666666668,
    "f1": 0.4231005000000001,
    "accuracy": 0.0016666666666666668,
    "avg_latency_ms": 2209.203433333332,
    "route_distribution": {
      "dense_retrieval": 302,
      "graph_traversal": 144,
      "hybrid_reasoning": 151,
      "clarify": 3
    },
    "routing_accuracy": 0.935,
    "stage2_trigger_rate": 0.0,
    "stage2_override_rate": 0.0,
    "kg_source_distribution": {
      "neo4j": 255,
      "neo4j->vector": 83
    }
  },
  "two_stage_hybrid": {
    "total_queries": 600,
    "exact_match": 0.0016666666666666668,
    "f1": 0.42350650000000056,
    "accuracy": 0.0016666666666666668,
    "avg_latency_ms": 3913.4070666666653,
    "route_distribution": {
      "dense_retrieval": 292,
      "graph_traversal": 152,
      "hybrid_reasoning": 150,
      "clarify": 6
    },
    "routing_accuracy": 0.9283333333333333,
    "stage2_trigger_rate": 0.43,
    "stage2_override_rate": 0.04263565891472868,
    "kg_source_distribution": {
      "neo4j": 257,
      "neo4j->vector": 80
    }
  }
}