{
  "majority": {
    "cv_accuracy": 0.4651162790697675,
    "cv_accuracy_std": 5.551115123125783e-17,
    "cv_macro_f1": 0.15873015873015872,
    "cv_macro_f1_std": 0.0,
    "cv_scores_per_fold": [
      0.46511627906976744,
      0.46511627906976744,
      0.46511627906976744,
      0.46511627906976744,
      0.46511627906976744
    ],
    "cv_f1_per_fold": [
      0.15873015873015872,
      0.15873015873015872,
      0.15873015873015872,
      0.15873015873015872,
      0.15873015873015872
    ]
  },
  "keyword": {
    "cv_accuracy": 0.6081395348837211,
    "cv_accuracy_std": 0.01823765946669547,
    "cv_macro_f1": 0.38656402222094527,
    "cv_macro_f1_std": 0.026311530553940893,
    "cv_scores_per_fold": [
      0.5872093023255814,
      0.5872093023255814,
      0.6104651162790697,
      0.627906976744186,
      0.627906976744186
    ],
    "cv_f1_per_fold": [
      0.3660082547169811,
      0.3482608751724938,
      0.38985769646147006,
      0.41728060671722644,
      0.4114126780365548
    ]
  },
  "3_rule": {
    "cv_accuracy": 0.6209302325581396,
    "cv_accuracy_std": 0.022184632591091772,
    "cv_macro_f1": 0.5421958575780859,
    "cv_macro_f1_std": 0.03080508260473278,
    "cv_scores_per_fold": [
      0.5930232558139535,
      0.5988372093023255,
      0.622093023255814,
      0.6453488372093024,
      0.6453488372093024
    ],
    "cv_f1_per_fold": [
      0.49599927815962086,
      0.5245264377720662,
      0.5397069564310095,
      0.5821094860050625,
      0.5686371295226703
    ]
  },
  "logreg": {
    "cv_accuracy": 0.9593023255813954,
    "cv_accuracy_std": 0.01325785378022252,
    "cv_macro_f1": 0.9529226456764907,
    "cv_macro_f1_std": 0.021072130480605047,
    "cv_scores_per_fold": [
      0.9418604651162791,
      0.9534883720930233,
      0.9593023255813954,
      0.9593023255813954,
      0.9825581395348837
    ],
    "cv_f1_per_fold": [
      0.915872877215179,
      0.9524959095641826,
      0.9562431629942179,
      0.9587542087542087,
      0.9812470698546648
    ]
  },
  "random_forest": {
    "cv_accuracy": 0.9965116279069768,
    "cv_accuracy_std": 0.0028482438869571886,
    "cv_macro_f1": 0.996556138915339,
    "cv_macro_f1_std": 0.002867121684203718,
    "cv_scores_per_fold": [
      1.0,
      0.9941860465116279,
      1.0,
      0.9941860465116279,
      0.9941860465116279
    ],
    "cv_f1_per_fold": [
      1.0,
      0.9937490232848882,
      1.0,
      0.9952826480069188,
      0.9937490232848882
    ]
  },
  "xgboost": {
    "cv_accuracy": 0.9941860465116278,
    "cv_accuracy_std": 0.0036770670467074244,
    "cv_macro_f1": 0.9943743895559167,
    "cv_macro_f1_std": 0.0034976026633385714,
    "cv_scores_per_fold": [
      0.9941860465116279,
      0.9883720930232558,
      1.0,
      0.9941860465116279,
      0.9941860465116279
    ],
    "cv_f1_per_fold": [
      0.9937490232848882,
      0.9890912532028884,
      1.0,
      0.9952826480069188,
      0.9937490232848882
    ]
  }
}