{
  "cross_validation": {
    "cv_accuracy_mean": 0.99,
    "cv_accuracy_std": 0.0062360956446232615,
    "cv_macro_f1_mean": 0.9877368846764643,
    "cv_macro_f1_std": 0.008029657310766755,
    "cv_fold_scores": [
      0.9916666666666667,
      1.0,
      0.9833333333333333,
      0.9916666666666667,
      0.9833333333333333
    ]
  }
}