{
  "layer1_routing": {
    "accuracy": 0.9666666666666667,
    "macro_precision": 0.9631800221273905,
    "macro_recall": 0.9633333333333334,
    "macro_f1": 0.963228341012687,
    "per_class": {
      "dense_retrieval": {
        "P": 0.9766666666666667,
        "R": 0.9766666666666667,
        "F1": 0.9766666666666667,
        "N": 300
      },
      "graph_traversal": {
        "P": 0.9391891891891891,
        "R": 0.9266666666666666,
        "F1": 0.9328859060402684,
        "N": 150
      },
      "hybrid_reasoning": {
        "P": 0.9736842105263158,
        "R": 0.9866666666666667,
        "F1": 0.9801324503311258,
        "N": 150
      }
    },
    "oov_predictions": {},
    "n_total": 600
  },
  "layer2_retrieval": {
    "n_evaluated": 519,
    "n_skipped_toan_van": 81,
    "n_skipped_no_retrieval": 23,
    "hit_at_1": 0.0,
    "hit_at_3": 0.011560693641618497,
    "hit_at_5": 0.025048169556840076,
    "mrr": 0.0111187570725143,
    "ndcg_at_5": 0.012393221730689963,
    "evaluation_note": "Denominator = 519 (excluded 81 'Toàn văn' queries from 600 total). Article-level exact match after whitespace normalization."
  },
  "layer3_qa": {
    "n_evaluated": 600,
    "3b_token_f1_vs_concise": 0.21079431936776766,
    "3b_em_vs_concise": 0.0,
    "3c_token_f1_vs_gold": 0.37190331207340516,
    "3c_em_vs_gold": 0.0,
    "3c_note": "gold_context is the FULL article text; Token F1 vs gold is an inflated upper-bound baseline.",
    "3a_bertscore_precision": 0.8099490404129028,
    "3a_bertscore_recall": 0.8966825604438782,
    "3a_bertscore_f1": 0.8508382439613342,
    "3a_bertscore_model": "xlm-roberta-large"
  }
}