{
  "eval_results\\legal_pure_graph": {
    "F1": 0.9179666666666666,
    "Acc": 0.0,
    "Latency": 9532.716666666665
  },
  "eval_results\\legal_pure_vector": {
    "F1": NaN,
    "Acc": NaN,
    "Latency": NaN
  },
  "eval_results\\legal_research_pure_vector": {
    "F1": 0.3101925925925926,
    "Acc": 0.10185185185185185,
    "Latency": 1005.5881481481483
  },
  "eval_results\\legal_single_stage_router": {
    "F1": 0.0,
    "Acc": 0.0,
    "Latency": 128.81
  },
  "eval_results\\always_hybrid": {
    "F1": 0.8427138333333333,
    "Acc": 0.0016666666666666668,
    "Latency": 28035.522599999997
  },
  "eval_results\\graph_text_fallback": {
    "F1": 0.8369225,
    "Acc": 0.0033333333333333335,
    "Latency": 30007.81278333333
  },
  "eval_results\\llm_only_router": {
    "F1": 0.8099578333333333,
    "Acc": 0.0016666666666666668,
    "Latency": 28344.606666666667
  },
  "eval_results\\pure_graph": {
    "F1": 0.35559583333333333,
    "Acc": 0.0016666666666666668,
    "Latency": 2283.3580166666666
  },
  "eval_results\\single_stage_router": {
    "F1": 0.4231005,
    "Acc": 0.0016666666666666668,
    "Latency": 2209.2034333333336
  },
  "eval_results\\Stage 2 always-on": {
    "F1": 0.8341175000000001,
    "Acc": 0.0016666666666666668,
    "Latency": 30901.207900000005
  },
  "eval_results\\two_stage_hybrid": {
    "F1": 0.4235065,
    "Acc": 0.0016666666666666668,
    "Latency": 3913.407066666667
  },
  "eval_results\\w_o ambiguity features": {
    "F1": 0.8290203333333334,
    "Acc": 0.0016666666666666668,
    "Latency": 33305.078
  },
  "eval_results\\w_o clarification sanity check": {
    "F1": 0.8309833333333333,
    "Acc": 0.0016666666666666668,
    "Latency": 29107.477216666663
  },
  "eval_results\\w_o fallback guard": {
    "F1": 0.8168493333333333,
    "Acc": 0.0016666666666666668,
    "Latency": 26263.01688333333
  },
  "eval_results\\w_o history resolver": {
    "F1": 0.8316560000000001,
    "Acc": 0.0016666666666666668,
    "Latency": 29842.90436666667
  },
  "eval_results\\w_o relation features": {
    "F1": 0.8314878333333333,
    "Acc": 0.0016666666666666668,
    "Latency": 34038.768983333335
  },
  "eval_results\\w_o severe-ambiguity override": {
    "F1": 0.8301916666666667,
    "Acc": 0.0016666666666666668,
    "Latency": 29189.28171666667
  },
  "eval_results\\legal_two_stage_hybrid": {
    "F1": 0.8273333333333334,
    "Acc": 0.0,
    "Latency": 14393.699999999999
  },
  "eval_results\\mini_eval_stage2_guardrail_two_stage_hybrid": {
    "F1": 0.052632000000000005,
    "Acc": 0.0,
    "Latency": 9550.550599999999
  },
  "eval_results\\mini_eval_two_stage_hybrid": {
    "F1": 0.3623519999999999,
    "Acc": 0.24,
    "Latency": 4316.0006
  }
}