{
  "_meta": {
    "generated": "2026-06-17T03:27:47.213515",
    "results_dir": "results_final_unified",
    "note": "All numbers from a SINGLE unified evaluation run. Safe to use directly in the paper."
  },
  "end_to_end": {
    "pure_vector": {
      "answer_f1": 0.2545531772575253,
      "routing_accuracy": 0.5,
      "macro_f1": null,
      "avg_latency_ms": 2606.65222408027,
      "median_latency_ms": null,
      "p95_latency_ms": null,
      "stage2_trigger": 0.0,
      "stage2_override": 0.0
    },
    "pure_graph": {
      "answer_f1": 0.19473866666666648,
      "routing_accuracy": 0.25,
      "macro_f1": null,
      "avg_latency_ms": 4961.195666666669,
      "median_latency_ms": null,
      "p95_latency_ms": null,
      "stage2_trigger": 0.0,
      "stage2_override": 0.0
    },
    "single_stage_router": {
      "answer_f1": 0.34309116666666684,
      "routing_accuracy": 0.8566666666666667,
      "macro_f1": null,
      "avg_latency_ms": 8136.803550000008,
      "median_latency_ms": null,
      "p95_latency_ms": null,
      "stage2_trigger": 0.0,
      "stage2_override": 0.0
    },
    "two_stage_hybrid": {
      "answer_f1": 0.3344098333333335,
      "routing_accuracy": 0.8383333333333334,
      "macro_f1": null,
      "avg_latency_ms": 9607.72108333335,
      "median_latency_ms": null,
      "p95_latency_ms": null,
      "stage2_trigger": 0.4483333333333333,
      "stage2_override": 0.12639405204460966
    }
  },
  "stage1_cv": {
    "cv_accuracy_mean": 0.8516666666666666,
    "cv_accuracy_std": 0.024944382578492935,
    "cv_macro_f1_mean": 0.8398921543611584,
    "cv_macro_f1_std": 0.026211658572767325,
    "per_class": {
      "dense_retrieval": 0.9032258064516129,
      "graph_traversal": 0.76,
      "hybrid_reasoning": 0.926829268292683
    },
    "per_class_std": {
      "dense_retrieval": null,
      "graph_traversal": null,
      "hybrid_reasoning": null
    }
  },
  "bertscore": {
    "f1": null,
    "model": "xlm-roberta-large",
    "reference": "concise_answer"
  },
  "clarification": {
    "phase3_full_policy": {
      "route_accuracy": 0.6965811965811965,
      "clarify_precision": 1.0,
      "clarify_recall": 0.7692307692307693,
      "clarify_f1": 0.8695652173913044,
      "stage2_trigger": 0.7478632478632479,
      "false_positives": 0,
      "false_negatives": 36
    }
  },
  "routing_sanity": {
    "total": null,
    "route_accuracy": 0.8366666666666667,
    "stage2_trigger": 0.4483333333333333,
    "false_clarify": null,
    "per_gold_route": {
      "dense": null,
      "graph": null,
      "hybrid": null
    }
  },
  "conversation": {
    "eval_file": "evaluation\\conversation_ambiguity_eval.json",
    "mode": "two_stage_current",
    "limit": null,
    "total_samples": 160,
    "route_accuracy": 0.68125,
    "clarify_precision": 0.9310344827586207,
    "clarify_recall": 0.81,
    "clarify_f1": 0.8663101604278076,
    "stage2_trigger_rate": 0.78125,
    "stage2_override_rate": 0.6,
    "avg_latency_ms": 2887.3576193746885,
    "false_counts": {
      "false_clarification_on_answerable_with_history": 5,
      "false_answer_on_clarify_without_history": 0,
      "false_answer_on_irrelevant_history": 5,
      "false_answer_on_conflicting_history": 6
    },
    "history_resolution_accuracy": 0.75,
    "history_non_clarify_rate_proxy": 0.75,
    "confusion_matrix": {
      "labels": [
        "dense_retrieval",
        "graph_traversal",
        "hybrid_reasoning",
        "clarify"
      ],
      "matrix": [
        [
          23,
          0,
          0,
          3
        ],
        [
          13,
          3,
          0,
          2
        ],
        [
          10,
          3,
          2,
          1
        ],
        [
          19,
          0,
          0,
          81
        ]
      ]
    },
    "route_distribution": {
      "clarify": 87,
      "dense_retrieval": 65,
      "graph_traversal": 6,
      "hybrid_reasoning": 2
    },
    "category_distribution": {
      "answerable_with_history": 20,
      "clarify_without_history": 20,
      "irrelevant_history": 20,
      "conflicting_history": 20,
      "missing_entity": 20,
      "multi_interpretation": 20,
      "clear_dense_control": 20,
      "clear_graph_or_hybrid_control": 20
    },
    "by_ambiguity_type": {
      "answerable_with_history": {
        "total": 20,
        "route_accuracy": 0.2,
        "clarify_precision": 0.0,
        "clarify_recall": null,
        "clarify_f1": 0.0,
        "stage2_trigger_rate": 0.8,
        "avg_latency_ms": 3496.516045000317,
        "prediction_distribution": {
          "clarify": 5,
          "dense_retrieval": 14,
          "graph_traversal": 1
        }
      },
      "clarify_without_history": {
        "total": 20,
        "route_accuracy": 1.0,
        "clarify_precision": 1.0,
        "clarify_recall": 1.0,
        "clarify_f1": 1.0,
        "stage2_trigger_rate": 1.0,
        "avg_latency_ms": 3353.0051500012632,
        "prediction_distribution": {
          "clarify": 20
        }
      },
      "clear_dense_control": {
        "total": 20,
        "route_accuracy": 0.95,
        "clarify_precision": 0.0,
        "clarify_recall": null,
        "clarify_f1": 0.0,
        "stage2_trigger_rate": 0.2,
        "avg_latency_ms": 576.1175649982761,
        "prediction_distribution": {
          "dense_retrieval": 19,
          "clarify": 1
        }
      },
      "clear_graph_or_hybrid_control": {
        "total": 20,
        "route_accuracy": 0.25,
        "clarify_precision": null,
        "clarify_recall": null,
        "clarify_f1": 0.0,
        "stage2_trigger_rate": 0.75,
        "avg_latency_ms": 2609.7245199998724,
        "prediction_distribution": {
          "dense_retrieval": 13,
          "graph_traversal": 5,
          "hybrid_reasoning": 2
        }
      },
      "conflicting_history": {
        "total": 20,
        "route_accuracy": 0.7,
        "clarify_precision": 1.0,
        "clarify_recall": 0.7,
        "clarify_f1": 0.8235294117647058,
        "stage2_trigger_rate": 0.85,
        "avg_latency_ms": 3705.35341000068,
        "prediction_distribution": {
          "clarify": 14,
          "dense_retrieval": 6
        }
      },
      "irrelevant_history": {
        "total": 20,
        "route_accuracy": 0.75,
        "clarify_precision": 1.0,
        "clarify_recall": 0.75,
        "clarify_f1": 0.8571428571428571,
        "stage2_trigger_rate": 0.95,
        "avg_latency_ms": 3588.0685249991075,
        "prediction_distribution": {
          "clarify": 15,
          "dense_retrieval": 5
        }
      },
      "missing_entity": {
        "total": 20,
        "route_accuracy": 0.9,
        "clarify_precision": 1.0,
        "clarify_recall": 0.9,
        "clarify_f1": 0.9473684210526316,
        "stage2_trigger_rate": 0.95,
        "avg_latency_ms": 3220.992694999586,
        "prediction_distribution": {
          "clarify": 18,
          "dense_retrieval": 2
        }
      },
      "multi_interpretation": {
        "total": 20,
        "route_accuracy": 0.7,
        "clarify_precision": 1.0,
        "clarify_recall": 0.7,
        "clarify_f1": 0.8235294117647058,
        "stage2_trigger_rate": 0.75,
        "avg_latency_ms": 2549.083044998406,
        "prediction_distribution": {
          "dense_retrieval": 6,
          "clarify": 14
        }
      }
    },
    "top_failure_examples": [
      {
        "id": "conv_0001",
        "ambiguity_type": "answerable_with_history",
        "expected_route": "graph_traversal",
        "predicted_route": "clarify",
        "stage1_route": "clarify",
        "stage1_confidence": 0.896551723446914,
        "stage2_invoked": true,
        "ambiguity_score": 0.0,
        "query": "Văn bản đó còn hiệu lực không?",
        "history": "Người dùng đang hỏi về Nghị định 100/2019/NĐ-CP về xử phạt vi phạm hành chính trong lĩnh vực giao thông đường bộ."
      },
      {
        "id": "conv_0012",
        "ambiguity_type": "conflicting_history",